USE [master]
GO
/****** Object:  Database [PetAccentDB]    Script Date: 4/25/2017 2:32:17 PM ******/
CREATE DATABASE [PetAccentDB]
 CONTAINMENT = NONE
 ON  PRIMARY 
( NAME = N'PetAccentDB', FILENAME = N'C:\Program Files\Microsoft SQL Server\MSSQL11.SQLEXPRESS\MSSQL\DATA\PetAccentDB.mdf' , SIZE = 24576KB , MAXSIZE = UNLIMITED, FILEGROWTH = 1024KB )
 LOG ON 
( NAME = N'PetAccentDB_log', FILENAME = N'C:\Program Files\Microsoft SQL Server\MSSQL11.SQLEXPRESS\MSSQL\DATA\PetAccentDB_log.ldf' , SIZE = 84416KB , MAXSIZE = 2048GB , FILEGROWTH = 10%)
GO
ALTER DATABASE [PetAccentDB] SET COMPATIBILITY_LEVEL = 110
GO
IF (1 = FULLTEXTSERVICEPROPERTY('IsFullTextInstalled'))
begin
EXEC [PetAccentDB].[dbo].[sp_fulltext_database] @action = 'enable'
end
GO
ALTER DATABASE [PetAccentDB] SET ANSI_NULL_DEFAULT OFF 
GO
ALTER DATABASE [PetAccentDB] SET ANSI_NULLS OFF 
GO
ALTER DATABASE [PetAccentDB] SET ANSI_PADDING OFF 
GO
ALTER DATABASE [PetAccentDB] SET ANSI_WARNINGS OFF 
GO
ALTER DATABASE [PetAccentDB] SET ARITHABORT OFF 
GO
ALTER DATABASE [PetAccentDB] SET AUTO_CLOSE OFF 
GO
ALTER DATABASE [PetAccentDB] SET AUTO_SHRINK OFF 
GO
ALTER DATABASE [PetAccentDB] SET AUTO_UPDATE_STATISTICS ON 
GO
ALTER DATABASE [PetAccentDB] SET CURSOR_CLOSE_ON_COMMIT OFF 
GO
ALTER DATABASE [PetAccentDB] SET CURSOR_DEFAULT  GLOBAL 
GO
ALTER DATABASE [PetAccentDB] SET CONCAT_NULL_YIELDS_NULL OFF 
GO
ALTER DATABASE [PetAccentDB] SET NUMERIC_ROUNDABORT OFF 
GO
ALTER DATABASE [PetAccentDB] SET QUOTED_IDENTIFIER OFF 
GO
ALTER DATABASE [PetAccentDB] SET RECURSIVE_TRIGGERS OFF 
GO
ALTER DATABASE [PetAccentDB] SET  DISABLE_BROKER 
GO
ALTER DATABASE [PetAccentDB] SET AUTO_UPDATE_STATISTICS_ASYNC OFF 
GO
ALTER DATABASE [PetAccentDB] SET DATE_CORRELATION_OPTIMIZATION OFF 
GO
ALTER DATABASE [PetAccentDB] SET TRUSTWORTHY OFF 
GO
ALTER DATABASE [PetAccentDB] SET ALLOW_SNAPSHOT_ISOLATION OFF 
GO
ALTER DATABASE [PetAccentDB] SET PARAMETERIZATION SIMPLE 
GO
ALTER DATABASE [PetAccentDB] SET READ_COMMITTED_SNAPSHOT OFF 
GO
ALTER DATABASE [PetAccentDB] SET HONOR_BROKER_PRIORITY OFF 
GO
ALTER DATABASE [PetAccentDB] SET RECOVERY SIMPLE 
GO
ALTER DATABASE [PetAccentDB] SET  MULTI_USER 
GO
ALTER DATABASE [PetAccentDB] SET PAGE_VERIFY CHECKSUM  
GO
ALTER DATABASE [PetAccentDB] SET DB_CHAINING OFF 
GO
ALTER DATABASE [PetAccentDB] SET FILESTREAM( NON_TRANSACTED_ACCESS = OFF ) 
GO
ALTER DATABASE [PetAccentDB] SET TARGET_RECOVERY_TIME = 0 SECONDS 
GO
USE [PetAccentDB]
GO
/****** Object:  Table [dbo].[Address]    Script Date: 4/25/2017 2:32:17 PM ******/
SET ANSI_NULLS ON
GO
SET QUOTED_IDENTIFIER ON
GO
CREATE TABLE [dbo].[Address](
	[ID] [int] IDENTITY(1,1) NOT NULL,
	[UserID] [int] NOT NULL,
	[Type] [int] NOT NULL,
	[Street1] [varchar](50) NOT NULL,
	[Street2] [varchar](50) NULL,
	[Street3] [varchar](50) NULL,
	[City] [varchar](50) NOT NULL,
	[State] [varchar](2) NOT NULL,
	[PostalCode] [varchar](10) NOT NULL,
	[Country] [varchar](2) NOT NULL,
	[DateCreated] [smalldatetime] NOT NULL,
 CONSTRAINT [PK_Address] PRIMARY KEY CLUSTERED 
(
	[ID] ASC
)WITH (PAD_INDEX = OFF, STATISTICS_NORECOMPUTE = OFF, IGNORE_DUP_KEY = OFF, ALLOW_ROW_LOCKS = ON, ALLOW_PAGE_LOCKS = ON) ON [PRIMARY]
) ON [PRIMARY]

GO
/****** Object:  Table [dbo].[AddressType]    Script Date: 4/25/2017 2:32:17 PM ******/
SET ANSI_NULLS ON
GO
SET QUOTED_IDENTIFIER ON
GO
CREATE TABLE [dbo].[AddressType](
	[ID] [int] IDENTITY(1,1) NOT NULL,
	[Type] [varchar](20) NOT NULL,
 CONSTRAINT [PK_AddressType] PRIMARY KEY CLUSTERED 
(
	[ID] ASC
)WITH (PAD_INDEX = OFF, STATISTICS_NORECOMPUTE = OFF, IGNORE_DUP_KEY = OFF, ALLOW_ROW_LOCKS = ON, ALLOW_PAGE_LOCKS = ON) ON [PRIMARY]
) ON [PRIMARY]

GO
/****** Object:  Table [dbo].[Campaign]    Script Date: 4/25/2017 2:32:17 PM ******/
SET ANSI_NULLS ON
GO
SET QUOTED_IDENTIFIER ON
GO
CREATE TABLE [dbo].[Campaign](
	[ID] [int] IDENTITY(1,1) NOT NULL,
	[Name] [varchar](50) NOT NULL,
	[Description] [varchar](500) NULL,
	[Agency] [varchar](50) NULL,
	[DailyBudget] [decimal](18, 2) NULL,
	[TotalBudget] [decimal](18, 2) NULL,
	[TotalDaysRun] [int] NULL,
	[DateCreated] [smalldatetime] NOT NULL,
 CONSTRAINT [PK_Campaign] PRIMARY KEY CLUSTERED 
(
	[ID] ASC
)WITH (PAD_INDEX = OFF, STATISTICS_NORECOMPUTE = OFF, IGNORE_DUP_KEY = OFF, ALLOW_ROW_LOCKS = ON, ALLOW_PAGE_LOCKS = ON) ON [PRIMARY]
) ON [PRIMARY]

GO
/****** Object:  Table [dbo].[Charity]    Script Date: 4/25/2017 2:32:17 PM ******/
SET ANSI_NULLS ON
GO
SET QUOTED_IDENTIFIER ON
GO
CREATE TABLE [dbo].[Charity](
	[ID] [int] IDENTITY(1,1) NOT NULL,
	[CharityName] [varchar](100) NOT NULL,
	[ContactFirstName] [varchar](50) NOT NULL,
	[ContactLastName] [varchar](50) NOT NULL,
	[MailingStreet1] [varchar](50) NOT NULL,
	[MailingStreet2] [varchar](50) NULL,
	[MailingStreet3] [varchar](50) NULL,
	[MailingCity] [varchar](50) NOT NULL,
	[MailingState] [varchar](2) NOT NULL,
	[MailingPostalCode] [varchar](10) NOT NULL,
	[MailingCountry] [varchar](2) NOT NULL,
	[DateCreated] [smalldatetime] NOT NULL,
 CONSTRAINT [PK_Charity] PRIMARY KEY CLUSTERED 
(
	[ID] ASC
)WITH (PAD_INDEX = OFF, STATISTICS_NORECOMPUTE = OFF, IGNORE_DUP_KEY = OFF, ALLOW_ROW_LOCKS = ON, ALLOW_PAGE_LOCKS = ON) ON [PRIMARY]
) ON [PRIMARY]

GO
/****** Object:  Table [dbo].[EmailRequestConversion]    Script Date: 4/25/2017 2:32:17 PM ******/
SET ANSI_NULLS ON
GO
SET QUOTED_IDENTIFIER ON
GO
CREATE TABLE [dbo].[EmailRequestConversion](
	[ID] [int] IDENTITY(1,1) NOT NULL,
	[IPAddress] [varchar](20) NOT NULL,
	[EmailAddress] [varchar](100) NOT NULL,
	[CreditAwarded] [decimal](18, 2) NOT NULL,
	[AccountCreated] [bit] NOT NULL,
	[DateCreated] [smalldatetime] NOT NULL,
 CONSTRAINT [PK_EmailRequestConversion] PRIMARY KEY CLUSTERED 
(
	[ID] ASC
)WITH (PAD_INDEX = OFF, STATISTICS_NORECOMPUTE = OFF, IGNORE_DUP_KEY = OFF, ALLOW_ROW_LOCKS = ON, ALLOW_PAGE_LOCKS = ON) ON [PRIMARY]
) ON [PRIMARY]

GO
/****** Object:  Table [dbo].[EmailTemplate]    Script Date: 4/25/2017 2:32:17 PM ******/
SET ANSI_NULLS ON
GO
SET QUOTED_IDENTIFIER ON
GO
CREATE TABLE [dbo].[EmailTemplate](
	[ID] [int] IDENTITY(1,1) NOT NULL,
	[Name] [varchar](50) NOT NULL,
	[Subject] [varchar](100) NOT NULL,
	[Html] [varchar](max) NOT NULL,
	[PlainText] [varchar](max) NULL,
	[FromAddress] [varchar](100) NOT NULL,
	[FromDisplayName] [varchar](100) NOT NULL,
	[DateCreated] [smalldatetime] NOT NULL,
 CONSTRAINT [PK_EmailTemplate] PRIMARY KEY CLUSTERED 
(
	[ID] ASC
)WITH (PAD_INDEX = OFF, STATISTICS_NORECOMPUTE = OFF, IGNORE_DUP_KEY = OFF, ALLOW_ROW_LOCKS = ON, ALLOW_PAGE_LOCKS = ON) ON [PRIMARY]
) ON [PRIMARY] TEXTIMAGE_ON [PRIMARY]

GO
/****** Object:  Table [dbo].[Order]    Script Date: 4/25/2017 2:32:17 PM ******/
SET ANSI_NULLS ON
GO
SET QUOTED_IDENTIFIER ON
GO
CREATE TABLE [dbo].[Order](
	[ID] [int] IDENTITY(1,1) NOT NULL,
	[UserID] [int] NULL,
	[EmailAddress] [varchar](100) NOT NULL,
	[ShippingName] [varchar](100) NOT NULL,
	[ShippingStreet1] [varchar](50) NOT NULL,
	[ShippingStreet2] [varchar](50) NULL,
	[ShippingStreet3] [varchar](50) NULL,
	[ShippingCity] [varchar](50) NOT NULL,
	[ShippingState] [varchar](2) NOT NULL,
	[ShippingPostalCode] [varchar](10) NOT NULL,
	[ShippingCountry] [varchar](2) NOT NULL,
	[OrderSubTotal] [decimal](18, 2) NOT NULL,
	[StoreCreditsApplied] [decimal](18, 2) NOT NULL,
	[TaxTotal] [decimal](18, 2) NOT NULL,
	[ShippingCharge] [decimal](18, 2) NOT NULL,
	[OrderTotal] [decimal](18, 2) NOT NULL,
	[TotalToDonate] [decimal](18, 2) NOT NULL,
	[CharityID] [int] NOT NULL,
	[ShippingCost] [decimal](18, 2) NOT NULL,
	[ShippedDate] [smalldatetime] NULL,
	[TrackingNumber] [varchar](200) NULL,
	[PaymentMethodID] [int] NOT NULL,
	[OrderStatusID] [int] NOT NULL,
	[OrderDate] [smalldatetime] NOT NULL,
	[IsGift] [bit] NOT NULL,
	[PaymentConfirmation] [varchar](200) NOT NULL,
	[OrderID] [varchar](15) NOT NULL,
	[CampaignID] [int] NULL,
	[IPAddress] [varchar](20) NOT NULL,
	[DateCreated] [smalldatetime] NOT NULL,
 CONSTRAINT [PK_Order] PRIMARY KEY CLUSTERED 
(
	[ID] ASC
)WITH (PAD_INDEX = OFF, STATISTICS_NORECOMPUTE = OFF, IGNORE_DUP_KEY = OFF, ALLOW_ROW_LOCKS = ON, ALLOW_PAGE_LOCKS = ON) ON [PRIMARY]
) ON [PRIMARY]

GO
/****** Object:  Table [dbo].[OrderLineItem]    Script Date: 4/25/2017 2:32:17 PM ******/
SET ANSI_NULLS ON
GO
SET QUOTED_IDENTIFIER ON
GO
CREATE TABLE [dbo].[OrderLineItem](
	[ID] [int] IDENTITY(1,1) NOT NULL,
	[OrderID] [int] NOT NULL,
	[ProductID] [int] NOT NULL,
	[Quantity] [int] NOT NULL,
	[TaxTotal] [decimal](18, 2) NOT NULL,
	[SubTotal] [decimal](18, 2) NOT NULL,
	[DateCreated] [smalldatetime] NOT NULL,
 CONSTRAINT [PK_OrderLineItem] PRIMARY KEY CLUSTERED 
(
	[ID] ASC
)WITH (PAD_INDEX = OFF, STATISTICS_NORECOMPUTE = OFF, IGNORE_DUP_KEY = OFF, ALLOW_ROW_LOCKS = ON, ALLOW_PAGE_LOCKS = ON) ON [PRIMARY]
) ON [PRIMARY]

GO
/****** Object:  Table [dbo].[OrderLineItemOption]    Script Date: 4/25/2017 2:32:17 PM ******/
SET ANSI_NULLS ON
GO
SET QUOTED_IDENTIFIER ON
GO
CREATE TABLE [dbo].[OrderLineItemOption](
	[ID] [int] IDENTITY(1,1) NOT NULL,
	[OrderLineItemID] [int] NOT NULL,
	[ProductOptionID] [int] NOT NULL,
	[DateCreated] [smalldatetime] NOT NULL,
 CONSTRAINT [PK_OrderLineItemOptions] PRIMARY KEY CLUSTERED 
(
	[ID] ASC
)WITH (PAD_INDEX = OFF, STATISTICS_NORECOMPUTE = OFF, IGNORE_DUP_KEY = OFF, ALLOW_ROW_LOCKS = ON, ALLOW_PAGE_LOCKS = ON) ON [PRIMARY]
) ON [PRIMARY]

GO
/****** Object:  Table [dbo].[OrderStatus]    Script Date: 4/25/2017 2:32:17 PM ******/
SET ANSI_NULLS ON
GO
SET QUOTED_IDENTIFIER ON
GO
CREATE TABLE [dbo].[OrderStatus](
	[ID] [int] IDENTITY(1,1) NOT NULL,
	[Status] [varchar](50) NOT NULL,
 CONSTRAINT [PK_OrderStatus] PRIMARY KEY CLUSTERED 
(
	[ID] ASC
)WITH (PAD_INDEX = OFF, STATISTICS_NORECOMPUTE = OFF, IGNORE_DUP_KEY = OFF, ALLOW_ROW_LOCKS = ON, ALLOW_PAGE_LOCKS = ON) ON [PRIMARY]
) ON [PRIMARY]

GO
/****** Object:  Table [dbo].[PaymentMethod]    Script Date: 4/25/2017 2:32:17 PM ******/
SET ANSI_NULLS ON
GO
SET QUOTED_IDENTIFIER ON
GO
CREATE TABLE [dbo].[PaymentMethod](
	[ID] [int] IDENTITY(1,1) NOT NULL,
	[Method] [varchar](50) NOT NULL,
 CONSTRAINT [PK_PaymentMethod] PRIMARY KEY CLUSTERED 
(
	[ID] ASC
)WITH (PAD_INDEX = OFF, STATISTICS_NORECOMPUTE = OFF, IGNORE_DUP_KEY = OFF, ALLOW_ROW_LOCKS = ON, ALLOW_PAGE_LOCKS = ON) ON [PRIMARY]
) ON [PRIMARY]

GO
/****** Object:  Table [dbo].[Product]    Script Date: 4/25/2017 2:32:17 PM ******/
SET ANSI_NULLS ON
GO
SET QUOTED_IDENTIFIER ON
GO
CREATE TABLE [dbo].[Product](
	[ID] [int] IDENTITY(1,1) NOT NULL,
	[SKU] [varchar](50) NULL,
	[Name] [varchar](50) NOT NULL,
	[Description] [varchar](500) NULL,
	[Price] [decimal](18, 2) NULL,
	[Cost] [decimal](18, 2) NULL,
	[Taxable] [bit] NOT NULL,
	[ShippingCharge] [decimal](18, 2) NULL,
	[ShippingCost] [decimal](18, 2) NULL,
	[QuantityAvailable] [int] NULL,
	[Active] [bit] NOT NULL,
	[Featured] [bit] NOT NULL,
	[ImagePath] [varchar](500) NULL,
	[DomainID] [int] NOT NULL,
	[Category] [varchar](50) NULL,
	[SubCategory] [varchar](50) NULL,
	[DateCreated] [smalldatetime] NOT NULL,
 CONSTRAINT [PK_Product] PRIMARY KEY CLUSTERED 
(
	[ID] ASC
)WITH (PAD_INDEX = OFF, STATISTICS_NORECOMPUTE = OFF, IGNORE_DUP_KEY = OFF, ALLOW_ROW_LOCKS = ON, ALLOW_PAGE_LOCKS = ON) ON [PRIMARY]
) ON [PRIMARY]

GO
/****** Object:  Table [dbo].[ProductDomain]    Script Date: 4/25/2017 2:32:17 PM ******/
SET ANSI_NULLS ON
GO
SET QUOTED_IDENTIFIER ON
GO
CREATE TABLE [dbo].[ProductDomain](
	[ID] [int] IDENTITY(1,1) NOT NULL,
	[Name] [varchar](50) NOT NULL,
	[Description] [varchar](500) NULL,
 CONSTRAINT [PK_ProductDomain] PRIMARY KEY CLUSTERED 
(
	[ID] ASC
)WITH (PAD_INDEX = OFF, STATISTICS_NORECOMPUTE = OFF, IGNORE_DUP_KEY = OFF, ALLOW_ROW_LOCKS = ON, ALLOW_PAGE_LOCKS = ON) ON [PRIMARY]
) ON [PRIMARY]

GO
/****** Object:  Table [dbo].[ProductOption]    Script Date: 4/25/2017 2:32:17 PM ******/
SET ANSI_NULLS ON
GO
SET QUOTED_IDENTIFIER ON
GO
CREATE TABLE [dbo].[ProductOption](
	[ID] [int] IDENTITY(1,1) NOT NULL,
	[ParentOptionID] [int] NULL,
	[ProductID] [int] NOT NULL,
	[Name] [varchar](50) NOT NULL,
	[Value] [varchar](50) NOT NULL,
	[QuantityAvailable] [int] NULL,
	[Price] [decimal](18, 2) NULL,
	[ShortValue] [varchar](10) NULL,
	[ImagePath] [varchar](500) NULL,
 CONSTRAINT [PK_ProductOption] PRIMARY KEY CLUSTERED 
(
	[ID] ASC
)WITH (PAD_INDEX = OFF, STATISTICS_NORECOMPUTE = OFF, IGNORE_DUP_KEY = OFF, ALLOW_ROW_LOCKS = ON, ALLOW_PAGE_LOCKS = ON) ON [PRIMARY]
) ON [PRIMARY]

GO
/****** Object:  Table [dbo].[StoreCredit]    Script Date: 4/25/2017 2:32:17 PM ******/
SET ANSI_NULLS ON
GO
SET QUOTED_IDENTIFIER ON
GO
CREATE TABLE [dbo].[StoreCredit](
	[ID] [int] IDENTITY(1,1) NOT NULL,
	[TypeID] [int] NULL,
	[UserID] [int] NOT NULL,
	[Amount] [decimal](18, 2) NOT NULL,
	[Description] [varchar](500) NOT NULL,
	[Notes] [varchar](500) NULL,
	[Expires] [smalldatetime] NULL,
	[DateCreated] [smalldatetime] NOT NULL,
 CONSTRAINT [PK_StoreCredit] PRIMARY KEY CLUSTERED 
(
	[ID] ASC
)WITH (PAD_INDEX = OFF, STATISTICS_NORECOMPUTE = OFF, IGNORE_DUP_KEY = OFF, ALLOW_ROW_LOCKS = ON, ALLOW_PAGE_LOCKS = ON) ON [PRIMARY]
) ON [PRIMARY]

GO
/****** Object:  Table [dbo].[StoreCreditType]    Script Date: 4/25/2017 2:32:17 PM ******/
SET ANSI_NULLS ON
GO
SET QUOTED_IDENTIFIER ON
GO
CREATE TABLE [dbo].[StoreCreditType](
	[ID] [int] IDENTITY(1,1) NOT NULL,
	[Type] [varchar](50) NOT NULL,
 CONSTRAINT [PK_StoreCreditType] PRIMARY KEY CLUSTERED 
(
	[ID] ASC
)WITH (PAD_INDEX = OFF, STATISTICS_NORECOMPUTE = OFF, IGNORE_DUP_KEY = OFF, ALLOW_ROW_LOCKS = ON, ALLOW_PAGE_LOCKS = ON) ON [PRIMARY]
) ON [PRIMARY]

GO
/****** Object:  Table [dbo].[sys_Country]    Script Date: 4/25/2017 2:32:17 PM ******/
SET ANSI_NULLS ON
GO
SET QUOTED_IDENTIFIER ON
GO
CREATE TABLE [dbo].[sys_Country](
	[ID] [int] IDENTITY(1,1) NOT NULL,
	[Country] [nchar](2) NOT NULL,
	[CountryName] [nvarchar](50) NOT NULL,
 CONSTRAINT [PK_sys_Country] PRIMARY KEY CLUSTERED 
(
	[ID] ASC
)WITH (PAD_INDEX = OFF, STATISTICS_NORECOMPUTE = OFF, IGNORE_DUP_KEY = OFF, ALLOW_ROW_LOCKS = ON, ALLOW_PAGE_LOCKS = ON) ON [PRIMARY]
) ON [PRIMARY]

GO
/****** Object:  Table [dbo].[sys_State]    Script Date: 4/25/2017 2:32:17 PM ******/
SET ANSI_NULLS ON
GO
SET QUOTED_IDENTIFIER ON
GO
CREATE TABLE [dbo].[sys_State](
	[ID] [int] IDENTITY(1,1) NOT NULL,
	[State] [nchar](2) NOT NULL,
	[StateName] [nvarchar](50) NOT NULL,
	[Country] [int] NOT NULL,
 CONSTRAINT [PK_sys_State] PRIMARY KEY CLUSTERED 
(
	[ID] ASC
)WITH (PAD_INDEX = OFF, STATISTICS_NORECOMPUTE = OFF, IGNORE_DUP_KEY = OFF, ALLOW_ROW_LOCKS = ON, ALLOW_PAGE_LOCKS = ON) ON [PRIMARY]
) ON [PRIMARY]

GO
/****** Object:  Table [dbo].[TaxRate]    Script Date: 4/25/2017 2:32:17 PM ******/
SET ANSI_NULLS ON
GO
SET QUOTED_IDENTIFIER ON
GO
CREATE TABLE [dbo].[TaxRate](
	[ID] [int] IDENTITY(1,1) NOT NULL,
	[State] [varchar](2) NOT NULL,
	[Rate] [decimal](4, 3) NOT NULL,
	[Type] [varchar](15) NOT NULL,
	[DateCreated] [smalldatetime] NOT NULL,
 CONSTRAINT [PK_TaxRates] PRIMARY KEY CLUSTERED 
(
	[ID] ASC
)WITH (PAD_INDEX = OFF, STATISTICS_NORECOMPUTE = OFF, IGNORE_DUP_KEY = OFF, ALLOW_ROW_LOCKS = ON, ALLOW_PAGE_LOCKS = ON) ON [PRIMARY]
) ON [PRIMARY]

GO
/****** Object:  Table [dbo].[User]    Script Date: 4/25/2017 2:32:17 PM ******/
SET ANSI_NULLS ON
GO
SET QUOTED_IDENTIFIER ON
GO
CREATE TABLE [dbo].[User](
	[ID] [int] IDENTITY(1,1) NOT NULL,
	[FirstName] [varchar](50) NOT NULL,
	[LastName] [varchar](50) NOT NULL,
	[EmailAddress] [varchar](100) NOT NULL,
	[Password] [varchar](1000) NOT NULL,
	[Salt] [uniqueidentifier] NOT NULL,
	[Phone] [numeric](18, 0) NULL,
	[Active] [bit] NOT NULL,
	[EmailSubscribed] [bit] NOT NULL,
	[PreferredCharityID] [int] NULL,
	[PaymentProcessorID] [varchar](50) NULL,
	[DateCreated] [smalldatetime] NOT NULL,
 CONSTRAINT [PK_Users] PRIMARY KEY CLUSTERED 
(
	[ID] ASC
)WITH (PAD_INDEX = OFF, STATISTICS_NORECOMPUTE = OFF, IGNORE_DUP_KEY = OFF, ALLOW_ROW_LOCKS = ON, ALLOW_PAGE_LOCKS = ON) ON [PRIMARY]
) ON [PRIMARY]

GO
SET IDENTITY_INSERT [dbo].[AddressType] ON 

INSERT [dbo].[AddressType] ([ID], [Type]) VALUES (1, N'Shipping')
INSERT [dbo].[AddressType] ([ID], [Type]) VALUES (2, N'Billing')
SET IDENTITY_INSERT [dbo].[AddressType] OFF
SET IDENTITY_INSERT [dbo].[Campaign] ON 

INSERT [dbo].[Campaign] ([ID], [Name], [Description], [Agency], [DailyBudget], [TotalBudget], [TotalDaysRun], [DateCreated]) VALUES (1, N'fb3f8sjg3b2', N'First Facebook ad campaign', N'Facebook', CAST(10.00 AS Decimal(18, 2)), CAST(70.00 AS Decimal(18, 2)), 7, CAST(N'2017-04-23T19:53:00' AS SmallDateTime))
SET IDENTITY_INSERT [dbo].[Campaign] OFF
SET IDENTITY_INSERT [dbo].[Charity] ON 

INSERT [dbo].[Charity] ([ID], [CharityName], [ContactFirstName], [ContactLastName], [MailingStreet1], [MailingStreet2], [MailingStreet3], [MailingCity], [MailingState], [MailingPostalCode], [MailingCountry], [DateCreated]) VALUES (1, N'ASPCA: American Society for the Prevention of Cruelty to Animals', N'', N'', N'', N'', N'', N'', N'', N'', N'', CAST(N'2017-04-23T19:16:00' AS SmallDateTime))
INSERT [dbo].[Charity] ([ID], [CharityName], [ContactFirstName], [ContactLastName], [MailingStreet1], [MailingStreet2], [MailingStreet3], [MailingCity], [MailingState], [MailingPostalCode], [MailingCountry], [DateCreated]) VALUES (2, N'Humane Society of The United States', N'', N'', N'', N'', N'', N'', N'', N'', N'', CAST(N'2017-04-23T19:16:00' AS SmallDateTime))
INSERT [dbo].[Charity] ([ID], [CharityName], [ContactFirstName], [ContactLastName], [MailingStreet1], [MailingStreet2], [MailingStreet3], [MailingCity], [MailingState], [MailingPostalCode], [MailingCountry], [DateCreated]) VALUES (3, N'Paws for Purple Hearts', N'', N'', N'', N'', N'', N'', N'', N'', N'', CAST(N'2017-04-23T19:16:00' AS SmallDateTime))
INSERT [dbo].[Charity] ([ID], [CharityName], [ContactFirstName], [ContactLastName], [MailingStreet1], [MailingStreet2], [MailingStreet3], [MailingCity], [MailingState], [MailingPostalCode], [MailingCountry], [DateCreated]) VALUES (4, N'Paws4Vets', N'', N'', N'', N'', N'', N'', N'', N'', N'', CAST(N'2017-04-23T19:16:00' AS SmallDateTime))
INSERT [dbo].[Charity] ([ID], [CharityName], [ContactFirstName], [ContactLastName], [MailingStreet1], [MailingStreet2], [MailingStreet3], [MailingCity], [MailingState], [MailingPostalCode], [MailingCountry], [DateCreated]) VALUES (5, N'PETA: People for the Ethical Treatment of Animals', N'', N'', N'', N'', N'', N'', N'', N'', N'', CAST(N'2017-04-23T19:16:00' AS SmallDateTime))
INSERT [dbo].[Charity] ([ID], [CharityName], [ContactFirstName], [ContactLastName], [MailingStreet1], [MailingStreet2], [MailingStreet3], [MailingCity], [MailingState], [MailingPostalCode], [MailingCountry], [DateCreated]) VALUES (6, N'San Diego Zoo Global', N'', N'', N'', N'', N'', N'', N'', N'', N'', CAST(N'2017-04-23T19:16:00' AS SmallDateTime))
INSERT [dbo].[Charity] ([ID], [CharityName], [ContactFirstName], [ContactLastName], [MailingStreet1], [MailingStreet2], [MailingStreet3], [MailingCity], [MailingState], [MailingPostalCode], [MailingCountry], [DateCreated]) VALUES (7, N'SNAP: Spay-Neuter Assistance Program', N'', N'', N'', N'', N'', N'', N'', N'', N'', CAST(N'2017-04-23T19:16:00' AS SmallDateTime))
INSERT [dbo].[Charity] ([ID], [CharityName], [ContactFirstName], [ContactLastName], [MailingStreet1], [MailingStreet2], [MailingStreet3], [MailingCity], [MailingState], [MailingPostalCode], [MailingCountry], [DateCreated]) VALUES (8, N'House Rabbit Society', N'', N'', N'', N'', N'', N'', N'', N'', N'', CAST(N'2017-04-23T19:16:00' AS SmallDateTime))
INSERT [dbo].[Charity] ([ID], [CharityName], [ContactFirstName], [ContactLastName], [MailingStreet1], [MailingStreet2], [MailingStreet3], [MailingCity], [MailingState], [MailingPostalCode], [MailingCountry], [DateCreated]) VALUES (9, N'Horse Charities of America', N'', N'', N'', N'', N'', N'', N'', N'', N'', CAST(N'2017-04-23T19:16:00' AS SmallDateTime))
INSERT [dbo].[Charity] ([ID], [CharityName], [ContactFirstName], [ContactLastName], [MailingStreet1], [MailingStreet2], [MailingStreet3], [MailingCity], [MailingState], [MailingPostalCode], [MailingCountry], [DateCreated]) VALUES (10, N'NEADS: Dogs for Deaf and Disabled Americans', N'', N'', N'', N'', N'', N'', N'', N'', N'', CAST(N'2017-04-23T19:16:00' AS SmallDateTime))
INSERT [dbo].[Charity] ([ID], [CharityName], [ContactFirstName], [ContactLastName], [MailingStreet1], [MailingStreet2], [MailingStreet3], [MailingCity], [MailingState], [MailingPostalCode], [MailingCountry], [DateCreated]) VALUES (11, N'Africa Network for Animal Welfare - USA', N'', N'', N'', N'', N'', N'', N'', N'', N'', CAST(N'2017-04-23T19:16:00' AS SmallDateTime))
INSERT [dbo].[Charity] ([ID], [CharityName], [ContactFirstName], [ContactLastName], [MailingStreet1], [MailingStreet2], [MailingStreet3], [MailingCity], [MailingState], [MailingPostalCode], [MailingCountry], [DateCreated]) VALUES (12, N'Alley Cat Rescue', N'', N'', N'', N'', N'', N'', N'', N'', N'', CAST(N'2017-04-23T19:16:00' AS SmallDateTime))
SET IDENTITY_INSERT [dbo].[Charity] OFF
SET IDENTITY_INSERT [dbo].[EmailRequestConversion] ON 

INSERT [dbo].[EmailRequestConversion] ([ID], [IPAddress], [EmailAddress], [CreditAwarded], [AccountCreated], [DateCreated]) VALUES (9, N'::1', N'joelcdunn@gmail.com', CAST(10.00 AS Decimal(18, 2)), 0, CAST(N'2017-04-25T14:19:00' AS SmallDateTime))
SET IDENTITY_INSERT [dbo].[EmailRequestConversion] OFF
SET IDENTITY_INSERT [dbo].[EmailTemplate] ON 

INSERT [dbo].[EmailTemplate] ([ID], [Name], [Subject], [Html], [PlainText], [FromAddress], [FromDisplayName], [DateCreated]) VALUES (3, N'WelcomeCustomer', N'Welcome to PetAccent.com!', N'<html style="height: 100%;">
<body style="font-family: Arial, Helvetica, sans-serif;">
    <div style="min-height: 100%;
            width: 70%;
            min-width: 380px;
            min-height: 400px;
            border: 2px solid;
            margin-left: auto;
            margin-right: auto;
            overflow: hidden;
            position: relative;
            -webkit-border-top-left-radius: 7px;
            -webkit-border-top-right-radius: 7px;
            -webkit-border-bottom-left-radius: 7px;
            -webkit-border-bottom-right-radius: 7px;
            -moz-border-radius-topleft: 7px;
            -moz-border-radius-topright: 7px;
            -moz-border-radius-bottomleft: 7px;
            -moz-border-radius-bottomright: 7px;
            border-top-left-radius: 7px;
            border-top-right-radius: 7px;
            border-bottom-left-radius: 7px;
            border-bottom-right-radius: 7px;
            background-image: url(''http://www.petaccent.com/Content/Images/welcome-image-trans.png'');
            background-position: center center;
            background-repeat: no-repeat;">
        <div style="height: 40px; min-height: 40px;             
            width: 100%; min-width: 100%;
            background: rgb(182, 54, 54);"><span stye="font-size: 0pt;">.</span></div>
        <div style="padding: 20px;">
            <img src="http://www.petaccent.com/Content/Images/heart_pets_trans_sm6.png" />
            <div style="top: 30%; padding-right: 10px; margin-bottom: 40px; margin-top: 60px;">
                Welcome, #####!<br /><br />
                Thank you for signing up with PetAccent.com! Your account has been granted a $10 credit for use any time you''d like. Stay tuned for product updates and news from the site! <br /><br />
                10% of every order goes to charity, forever.<br /><br />
                Every time you make a purchase on PetAccent.com 10% of your order''s proceeds will be sent to the charity of your choosing, selected from a list of
                our preferred animal charities at the time of checkout. We send out checks to these charities quarterly. Donating to charity is a part of our committment to helping animals in
                need and is not a temporary policy or promotional offer.<br /><br />
                Sincerely,<br />
                PetAccent.com<br />
                <a href="mailto:customerservice@petaccent.com">CustomerService@PetAccent.com</a>
            </div>            
            <div style="font-size: 9pt; float: right;">* Charity options are listed in the checkout section of <a href="https://www.petaccent.com">petaccent.com</a>.</div>
        </div>
        <div style="height: 25px; min-height: 25px;
            width: 100%; min-width: 100%;
            background: rgb(182, 54, 54);"><span stye="font-size: 0pt;">.</span>
        </div>
    </div>
</body>
</html>', N'Welcome, #####!\n\n
                Thank you for signing up with PetAccent.com! Your account has been granted a $10 credit for use any time you''d like. Stay tuned for product updates and news from the site!\n\n
                10% of every order goes to charity, forever.\n\n
                Every time you make a purchase on PetAccent.com 10% of your order''s proceeds will be sent to the charity of your choosing, selected from a list of
                our preferred animal charities at the time of checkout. We send out checks to these charities quarterly. Donating to charity is a part of our committment to helping animals in
                need and is not a temporary policy or promotional offer.\n\n
                Sincerely,\n
                PetAccent.com\n
                CustomerService@PetAccent.com', N'CustomerService@PetAccent.com', N'Customer Service', CAST(N'2017-04-25T12:25:00' AS SmallDateTime))
INSERT [dbo].[EmailTemplate] ([ID], [Name], [Subject], [Html], [PlainText], [FromAddress], [FromDisplayName], [DateCreated]) VALUES (4, N'ForgotPassword', N'Password Request', N'<html style="height: 100%;">
<body style="font-family: Arial, Helvetica, sans-serif;">
    <div style="min-height: 100%;
            width: 70%;
            min-width: 380px;
            min-height: 400px;
            border: 2px solid;
            margin-left: auto;
            margin-right: auto;
            overflow: hidden;
            position: relative;
            -webkit-border-top-left-radius: 7px;
            -webkit-border-top-right-radius: 7px;
            -webkit-border-bottom-left-radius: 7px;
            -webkit-border-bottom-right-radius: 7px;
            -moz-border-radius-topleft: 7px;
            -moz-border-radius-topright: 7px;
            -moz-border-radius-bottomleft: 7px;
            -moz-border-radius-bottomright: 7px;
            border-top-left-radius: 7px;
            border-top-right-radius: 7px;
            border-bottom-left-radius: 7px;
            border-bottom-right-radius: 7px;
            background-image: url(''http://www.petaccent.com/Content/Images/welcome-image-trans.png'');
            background-position: center center;
            background-repeat: no-repeat;">
        <div style="height: 40px; min-height: 40px;             
            width: 100%; min-width: 100%;
            background: rgb(182, 54, 54);"><span stye="font-size: 0pt;">.</span></div>
        <div style="padding: 20px;">
            <img src="http://www.petaccent.com/Content/Images/heart_pets_trans_sm6.png" />
            <div style="top: 30%; padding-right: 10px; margin-bottom: 40px; margin-top: 60px;">
                Hi, #####!<br /><br />
                Here is your password. If you need to change your password please log into <a href="https://www.petaccent.com">https://www.petaccent.com</a> and navigate to your profile. If you did not request 
                your password please contact us at <a href="mailto:CustomerService@PetAccent.com">CustomerService@PetAccent.com</a> so that we can take action. Thank you!<br /><br />

                %%%%%<br /><br />

                Sincerely,
                Customer Service, PetAccent.com
            </div>            
            <div style="font-size: 9pt; float: right;">* Charity options are listed in the checkout section of <a href="https://www.petaccent.com">petaccent.com</a>.</div>
        </div>
        <div style="height: 25px; min-height: 25px;
            width: 100%; min-width: 100%;
            background: rgb(182, 54, 54);"><span stye="font-size: 0pt;">.</span>
        </div>
    </div>
</body>
</html>', N'Hi, #####!\n\n
                Here is your password. If you need to change your password please log into https://www.petaccent.com and navigate to your profile. If you did not request 
                your password please contact us at <a href="mailto:CustomerService@PetAccent.com">CustomerService@PetAccent.com</a> so that we can take action. Thank you!\n\n

                %%%%%\n\n

                Sincerely,\n
                Customer Service, PetAccent.com', N'CustomerService@PetAccent.com', N'Customer Service - Pet Accent!', CAST(N'2017-04-25T12:25:00' AS SmallDateTime))
SET IDENTITY_INSERT [dbo].[EmailTemplate] OFF
SET IDENTITY_INSERT [dbo].[Order] ON 

INSERT [dbo].[Order] ([ID], [UserID], [EmailAddress], [ShippingName], [ShippingStreet1], [ShippingStreet2], [ShippingStreet3], [ShippingCity], [ShippingState], [ShippingPostalCode], [ShippingCountry], [OrderSubTotal], [StoreCreditsApplied], [TaxTotal], [ShippingCharge], [OrderTotal], [TotalToDonate], [CharityID], [ShippingCost], [ShippedDate], [TrackingNumber], [PaymentMethodID], [OrderStatusID], [OrderDate], [IsGift], [PaymentConfirmation], [OrderID], [CampaignID], [IPAddress], [DateCreated]) VALUES (1, NULL, N'joelcdunn@gmail.com', N'Joel Dunn', N'5016 Fantail Dr.', NULL, NULL, N'Fort Worth', N'TX', N'76179', N'US', CAST(39.98 AS Decimal(18, 2)), CAST(0.00 AS Decimal(18, 2)), CAST(0.00 AS Decimal(18, 2)), CAST(2.94 AS Decimal(18, 2)), CAST(42.92 AS Decimal(18, 2)), CAST(4.00 AS Decimal(18, 2)), 1, CAST(0.00 AS Decimal(18, 2)), NULL, NULL, 1, 1, CAST(N'2017-04-23T19:54:00' AS SmallDateTime), 0, N'ch_1ABvNpJAH5MLUoKrDDeLUAcj', N'994D86019F', 0, N'::1', CAST(N'2017-04-23T19:54:00' AS SmallDateTime))
INSERT [dbo].[Order] ([ID], [UserID], [EmailAddress], [ShippingName], [ShippingStreet1], [ShippingStreet2], [ShippingStreet3], [ShippingCity], [ShippingState], [ShippingPostalCode], [ShippingCountry], [OrderSubTotal], [StoreCreditsApplied], [TaxTotal], [ShippingCharge], [OrderTotal], [TotalToDonate], [CharityID], [ShippingCost], [ShippedDate], [TrackingNumber], [PaymentMethodID], [OrderStatusID], [OrderDate], [IsGift], [PaymentConfirmation], [OrderID], [CampaignID], [IPAddress], [DateCreated]) VALUES (2, NULL, N'joelcdunn@gmail.com', N'Joel Dunn', N'5916 Fantail Dr.', NULL, NULL, N'Fort Worth', N'TX', N'76179', N'US', CAST(29.99 AS Decimal(18, 2)), CAST(0.00 AS Decimal(18, 2)), CAST(0.00 AS Decimal(18, 2)), CAST(2.94 AS Decimal(18, 2)), CAST(32.93 AS Decimal(18, 2)), CAST(3.00 AS Decimal(18, 2)), 1, CAST(0.00 AS Decimal(18, 2)), NULL, NULL, 1, 1, CAST(N'2017-04-23T19:58:00' AS SmallDateTime), 0, N'ch_1ABvVFJAH5MLUoKrFIva0U1j', N'2B6CBEA4D2', 0, N'::1', CAST(N'2017-04-23T19:58:00' AS SmallDateTime))
INSERT [dbo].[Order] ([ID], [UserID], [EmailAddress], [ShippingName], [ShippingStreet1], [ShippingStreet2], [ShippingStreet3], [ShippingCity], [ShippingState], [ShippingPostalCode], [ShippingCountry], [OrderSubTotal], [StoreCreditsApplied], [TaxTotal], [ShippingCharge], [OrderTotal], [TotalToDonate], [CharityID], [ShippingCost], [ShippedDate], [TrackingNumber], [PaymentMethodID], [OrderStatusID], [OrderDate], [IsGift], [PaymentConfirmation], [OrderID], [CampaignID], [IPAddress], [DateCreated]) VALUES (3, NULL, N'joelcdunn@gmail.com', N'Joel Dunn', N'5916 Fantail Dr', NULL, NULL, N'Fort Worth', N'TX', N'76179', N'US', CAST(29.99 AS Decimal(18, 2)), CAST(0.00 AS Decimal(18, 2)), CAST(0.00 AS Decimal(18, 2)), CAST(2.94 AS Decimal(18, 2)), CAST(32.93 AS Decimal(18, 2)), CAST(3.00 AS Decimal(18, 2)), 1, CAST(0.00 AS Decimal(18, 2)), NULL, NULL, 1, 1, CAST(N'2017-04-23T20:03:00' AS SmallDateTime), 0, N'ch_1ABvZlJAH5MLUoKr8AfwtfJA', N'6FBBD593CD', 1, N'::1', CAST(N'2017-04-23T20:03:00' AS SmallDateTime))
INSERT [dbo].[Order] ([ID], [UserID], [EmailAddress], [ShippingName], [ShippingStreet1], [ShippingStreet2], [ShippingStreet3], [ShippingCity], [ShippingState], [ShippingPostalCode], [ShippingCountry], [OrderSubTotal], [StoreCreditsApplied], [TaxTotal], [ShippingCharge], [OrderTotal], [TotalToDonate], [CharityID], [ShippingCost], [ShippedDate], [TrackingNumber], [PaymentMethodID], [OrderStatusID], [OrderDate], [IsGift], [PaymentConfirmation], [OrderID], [CampaignID], [IPAddress], [DateCreated]) VALUES (4, NULL, N'joelcdunn@gmail.com', N'Joel Dunn', N'5916 Fantail Dr.', NULL, NULL, N'Fort Worth', N'TX', N'76179', N'US', CAST(29.99 AS Decimal(18, 2)), CAST(0.00 AS Decimal(18, 2)), CAST(0.00 AS Decimal(18, 2)), CAST(2.94 AS Decimal(18, 2)), CAST(32.93 AS Decimal(18, 2)), CAST(3.00 AS Decimal(18, 2)), 1, CAST(0.00 AS Decimal(18, 2)), NULL, NULL, 1, 1, CAST(N'2017-04-23T20:13:00' AS SmallDateTime), 0, N'ch_1ABvkMJAH5MLUoKr0rcZWETM', N'C3EBF16B08', 1, N'::1', CAST(N'2017-04-23T20:13:00' AS SmallDateTime))
INSERT [dbo].[Order] ([ID], [UserID], [EmailAddress], [ShippingName], [ShippingStreet1], [ShippingStreet2], [ShippingStreet3], [ShippingCity], [ShippingState], [ShippingPostalCode], [ShippingCountry], [OrderSubTotal], [StoreCreditsApplied], [TaxTotal], [ShippingCharge], [OrderTotal], [TotalToDonate], [CharityID], [ShippingCost], [ShippedDate], [TrackingNumber], [PaymentMethodID], [OrderStatusID], [OrderDate], [IsGift], [PaymentConfirmation], [OrderID], [CampaignID], [IPAddress], [DateCreated]) VALUES (5, NULL, N'joelcdunn@gmail.com', N'Joel Dunn', N'5916 Fantail Dr.', NULL, NULL, N'Fort Worth', N'TX', N'76179', N'US', CAST(29.99 AS Decimal(18, 2)), CAST(0.00 AS Decimal(18, 2)), CAST(0.00 AS Decimal(18, 2)), CAST(2.94 AS Decimal(18, 2)), CAST(32.93 AS Decimal(18, 2)), CAST(3.00 AS Decimal(18, 2)), 1, CAST(0.00 AS Decimal(18, 2)), NULL, NULL, 1, 1, CAST(N'2017-04-23T20:44:00' AS SmallDateTime), 0, N'ch_1ABwEPJAH5MLUoKrblhUAUAA', N'CCF587B6D6', 1, N'::1', CAST(N'2017-04-23T20:44:00' AS SmallDateTime))
INSERT [dbo].[Order] ([ID], [UserID], [EmailAddress], [ShippingName], [ShippingStreet1], [ShippingStreet2], [ShippingStreet3], [ShippingCity], [ShippingState], [ShippingPostalCode], [ShippingCountry], [OrderSubTotal], [StoreCreditsApplied], [TaxTotal], [ShippingCharge], [OrderTotal], [TotalToDonate], [CharityID], [ShippingCost], [ShippedDate], [TrackingNumber], [PaymentMethodID], [OrderStatusID], [OrderDate], [IsGift], [PaymentConfirmation], [OrderID], [CampaignID], [IPAddress], [DateCreated]) VALUES (6, NULL, N'joelcdunn@gmail.com', N'Joel Dunn', N'123 Street St.', NULL, NULL, N'Fort Worth', N'TX', N'76179', N'US', CAST(29.99 AS Decimal(18, 2)), CAST(0.00 AS Decimal(18, 2)), CAST(0.00 AS Decimal(18, 2)), CAST(2.94 AS Decimal(18, 2)), CAST(32.93 AS Decimal(18, 2)), CAST(3.00 AS Decimal(18, 2)), 1, CAST(0.00 AS Decimal(18, 2)), NULL, NULL, 1, 1, CAST(N'2017-04-23T20:45:00' AS SmallDateTime), 0, N'ch_1ABwFPJAH5MLUoKrXhX7GrDs', N'D5238191B1', NULL, N'::1', CAST(N'2017-04-23T20:45:00' AS SmallDateTime))
SET IDENTITY_INSERT [dbo].[Order] OFF
SET IDENTITY_INSERT [dbo].[OrderLineItem] ON 

INSERT [dbo].[OrderLineItem] ([ID], [OrderID], [ProductID], [Quantity], [TaxTotal], [SubTotal], [DateCreated]) VALUES (1, 1, 1, 2, CAST(0.00 AS Decimal(18, 2)), CAST(39.98 AS Decimal(18, 2)), CAST(N'2017-04-23T19:54:00' AS SmallDateTime))
INSERT [dbo].[OrderLineItem] ([ID], [OrderID], [ProductID], [Quantity], [TaxTotal], [SubTotal], [DateCreated]) VALUES (2, 2, 2, 1, CAST(0.00 AS Decimal(18, 2)), CAST(29.99 AS Decimal(18, 2)), CAST(N'2017-04-23T19:58:00' AS SmallDateTime))
INSERT [dbo].[OrderLineItem] ([ID], [OrderID], [ProductID], [Quantity], [TaxTotal], [SubTotal], [DateCreated]) VALUES (3, 3, 2, 1, CAST(0.00 AS Decimal(18, 2)), CAST(29.99 AS Decimal(18, 2)), CAST(N'2017-04-23T20:03:00' AS SmallDateTime))
INSERT [dbo].[OrderLineItem] ([ID], [OrderID], [ProductID], [Quantity], [TaxTotal], [SubTotal], [DateCreated]) VALUES (4, 4, 2, 1, CAST(0.00 AS Decimal(18, 2)), CAST(29.99 AS Decimal(18, 2)), CAST(N'2017-04-23T20:13:00' AS SmallDateTime))
INSERT [dbo].[OrderLineItem] ([ID], [OrderID], [ProductID], [Quantity], [TaxTotal], [SubTotal], [DateCreated]) VALUES (5, 5, 2, 1, CAST(0.00 AS Decimal(18, 2)), CAST(29.99 AS Decimal(18, 2)), CAST(N'2017-04-23T20:44:00' AS SmallDateTime))
INSERT [dbo].[OrderLineItem] ([ID], [OrderID], [ProductID], [Quantity], [TaxTotal], [SubTotal], [DateCreated]) VALUES (6, 6, 2, 1, CAST(0.00 AS Decimal(18, 2)), CAST(29.99 AS Decimal(18, 2)), CAST(N'2017-04-23T20:45:00' AS SmallDateTime))
SET IDENTITY_INSERT [dbo].[OrderLineItem] OFF
SET IDENTITY_INSERT [dbo].[OrderLineItemOption] ON 

INSERT [dbo].[OrderLineItemOption] ([ID], [OrderLineItemID], [ProductOptionID], [DateCreated]) VALUES (1, 1, 1, CAST(N'2017-04-23T19:54:00' AS SmallDateTime))
INSERT [dbo].[OrderLineItemOption] ([ID], [OrderLineItemID], [ProductOptionID], [DateCreated]) VALUES (2, 1, 5, CAST(N'2017-04-23T19:54:00' AS SmallDateTime))
INSERT [dbo].[OrderLineItemOption] ([ID], [OrderLineItemID], [ProductOptionID], [DateCreated]) VALUES (3, 2, 9, CAST(N'2017-04-23T19:58:00' AS SmallDateTime))
INSERT [dbo].[OrderLineItemOption] ([ID], [OrderLineItemID], [ProductOptionID], [DateCreated]) VALUES (4, 3, 9, CAST(N'2017-04-23T20:03:00' AS SmallDateTime))
INSERT [dbo].[OrderLineItemOption] ([ID], [OrderLineItemID], [ProductOptionID], [DateCreated]) VALUES (5, 4, 9, CAST(N'2017-04-23T20:13:00' AS SmallDateTime))
INSERT [dbo].[OrderLineItemOption] ([ID], [OrderLineItemID], [ProductOptionID], [DateCreated]) VALUES (6, 5, 9, CAST(N'2017-04-23T20:44:00' AS SmallDateTime))
INSERT [dbo].[OrderLineItemOption] ([ID], [OrderLineItemID], [ProductOptionID], [DateCreated]) VALUES (7, 6, 10, CAST(N'2017-04-23T20:45:00' AS SmallDateTime))
SET IDENTITY_INSERT [dbo].[OrderLineItemOption] OFF
SET IDENTITY_INSERT [dbo].[OrderStatus] ON 

INSERT [dbo].[OrderStatus] ([ID], [Status]) VALUES (1, N'Created')
INSERT [dbo].[OrderStatus] ([ID], [Status]) VALUES (2, N'Processing')
INSERT [dbo].[OrderStatus] ([ID], [Status]) VALUES (3, N'Processed')
INSERT [dbo].[OrderStatus] ([ID], [Status]) VALUES (4, N'Shipped')
INSERT [dbo].[OrderStatus] ([ID], [Status]) VALUES (5, N'Cancelled')
INSERT [dbo].[OrderStatus] ([ID], [Status]) VALUES (6, N'Returned')
INSERT [dbo].[OrderStatus] ([ID], [Status]) VALUES (7, N'Chargeback')
SET IDENTITY_INSERT [dbo].[OrderStatus] OFF
SET IDENTITY_INSERT [dbo].[PaymentMethod] ON 

INSERT [dbo].[PaymentMethod] ([ID], [Method]) VALUES (1, N'CreditCard')
INSERT [dbo].[PaymentMethod] ([ID], [Method]) VALUES (2, N'ACH')
SET IDENTITY_INSERT [dbo].[PaymentMethod] OFF
SET IDENTITY_INSERT [dbo].[Product] ON 

INSERT [dbo].[Product] ([ID], [SKU], [Name], [Description], [Price], [Cost], [Taxable], [ShippingCharge], [ShippingCost], [QuantityAvailable], [Active], [Featured], [ImagePath], [DomainID], [Category], [SubCategory], [DateCreated]) VALUES (1, N'PROD-1ASD', N'Product 1', N'This is a wonderful product that makes your life better!', CAST(19.99 AS Decimal(18, 2)), CAST(5.00 AS Decimal(18, 2)), 1, NULL, NULL, 5, 1, 1, N'/Content/Images/Products/prod1.jpg', 1, N'Dogs', NULL, CAST(N'2017-04-23T19:16:00' AS SmallDateTime))
INSERT [dbo].[Product] ([ID], [SKU], [Name], [Description], [Price], [Cost], [Taxable], [ShippingCharge], [ShippingCost], [QuantityAvailable], [Active], [Featured], [ImagePath], [DomainID], [Category], [SubCategory], [DateCreated]) VALUES (2, N'PROD-2ASD', N'Product 2', N'This is a wonderful product that makes your life better!', CAST(24.99 AS Decimal(18, 2)), CAST(6.00 AS Decimal(18, 2)), 1, NULL, NULL, 6, 1, 1, N'/Content/Images/Products/prod2.jpg', 1, N'Dogs', NULL, CAST(N'2017-04-23T19:16:00' AS SmallDateTime))
INSERT [dbo].[Product] ([ID], [SKU], [Name], [Description], [Price], [Cost], [Taxable], [ShippingCharge], [ShippingCost], [QuantityAvailable], [Active], [Featured], [ImagePath], [DomainID], [Category], [SubCategory], [DateCreated]) VALUES (3, N'PROD-3ASD', N'Product 3', N'This is a wonderful product that makes your life better!', CAST(34.99 AS Decimal(18, 2)), CAST(7.00 AS Decimal(18, 2)), 0, NULL, NULL, 3, 1, 0, N'/Content/Images/Products/prod3.jpg', 1, N'Dogs', NULL, CAST(N'2017-04-23T19:16:00' AS SmallDateTime))
INSERT [dbo].[Product] ([ID], [SKU], [Name], [Description], [Price], [Cost], [Taxable], [ShippingCharge], [ShippingCost], [QuantityAvailable], [Active], [Featured], [ImagePath], [DomainID], [Category], [SubCategory], [DateCreated]) VALUES (4, N'PROD-3ASD', N'Product 4', N'This is a wonderful product that makes your life better!', CAST(54.99 AS Decimal(18, 2)), CAST(7.00 AS Decimal(18, 2)), 0, NULL, NULL, 3, 1, 0, N'/Content/Images/Products/prod4.jpg', 1, N'Dogs', NULL, CAST(N'2017-04-23T19:16:00' AS SmallDateTime))
INSERT [dbo].[Product] ([ID], [SKU], [Name], [Description], [Price], [Cost], [Taxable], [ShippingCharge], [ShippingCost], [QuantityAvailable], [Active], [Featured], [ImagePath], [DomainID], [Category], [SubCategory], [DateCreated]) VALUES (5, N'PROD-3ASD', N'Product 5', N'This is a wonderful product that makes your life better!', CAST(74.99 AS Decimal(18, 2)), CAST(7.00 AS Decimal(18, 2)), 0, NULL, NULL, 3, 1, 0, N'/Content/Images/Products/prod5.jpg', 1, N'Dogs', NULL, CAST(N'2017-04-23T19:16:00' AS SmallDateTime))
INSERT [dbo].[Product] ([ID], [SKU], [Name], [Description], [Price], [Cost], [Taxable], [ShippingCharge], [ShippingCost], [QuantityAvailable], [Active], [Featured], [ImagePath], [DomainID], [Category], [SubCategory], [DateCreated]) VALUES (6, N'PROD-1ASD', N'Product 1', N'This is a wonderful product that makes your life better!', CAST(19.99 AS Decimal(18, 2)), CAST(5.00 AS Decimal(18, 2)), 1, NULL, NULL, 5, 1, 1, N'/Content/Images/Products/prod1.jpg', 1, N'Cats', NULL, CAST(N'2017-04-23T19:16:00' AS SmallDateTime))
INSERT [dbo].[Product] ([ID], [SKU], [Name], [Description], [Price], [Cost], [Taxable], [ShippingCharge], [ShippingCost], [QuantityAvailable], [Active], [Featured], [ImagePath], [DomainID], [Category], [SubCategory], [DateCreated]) VALUES (7, N'PROD-2ASD', N'Product 2', N'This is a wonderful product that makes your life better!', CAST(24.99 AS Decimal(18, 2)), CAST(6.00 AS Decimal(18, 2)), 1, NULL, NULL, 6, 1, 1, N'/Content/Images/Products/prod2.jpg', 1, N'Cats', NULL, CAST(N'2017-04-23T19:16:00' AS SmallDateTime))
INSERT [dbo].[Product] ([ID], [SKU], [Name], [Description], [Price], [Cost], [Taxable], [ShippingCharge], [ShippingCost], [QuantityAvailable], [Active], [Featured], [ImagePath], [DomainID], [Category], [SubCategory], [DateCreated]) VALUES (8, N'PROD-3ASD', N'Product 3', N'This is a wonderful product that makes your life better!', CAST(34.99 AS Decimal(18, 2)), CAST(7.00 AS Decimal(18, 2)), 0, NULL, NULL, 3, 1, 0, N'/Content/Images/Products/prod3.jpg', 1, N'Cats', NULL, CAST(N'2017-04-23T19:16:00' AS SmallDateTime))
INSERT [dbo].[Product] ([ID], [SKU], [Name], [Description], [Price], [Cost], [Taxable], [ShippingCharge], [ShippingCost], [QuantityAvailable], [Active], [Featured], [ImagePath], [DomainID], [Category], [SubCategory], [DateCreated]) VALUES (9, N'PROD-3ASD', N'Product 4', N'This is a wonderful product that makes your life better!', CAST(54.99 AS Decimal(18, 2)), CAST(7.00 AS Decimal(18, 2)), 0, NULL, NULL, 3, 1, 0, N'/Content/Images/Products/prod4.jpg', 1, N'Cats', NULL, CAST(N'2017-04-23T19:16:00' AS SmallDateTime))
INSERT [dbo].[Product] ([ID], [SKU], [Name], [Description], [Price], [Cost], [Taxable], [ShippingCharge], [ShippingCost], [QuantityAvailable], [Active], [Featured], [ImagePath], [DomainID], [Category], [SubCategory], [DateCreated]) VALUES (10, N'PROD-3ASD', N'Product 5', N'This is a wonderful product that makes your life better!', CAST(74.99 AS Decimal(18, 2)), CAST(7.00 AS Decimal(18, 2)), 0, NULL, NULL, 3, 1, 0, N'/Content/Images/Products/prod5.jpg', 1, N'Cats', NULL, CAST(N'2017-04-23T19:16:00' AS SmallDateTime))
INSERT [dbo].[Product] ([ID], [SKU], [Name], [Description], [Price], [Cost], [Taxable], [ShippingCharge], [ShippingCost], [QuantityAvailable], [Active], [Featured], [ImagePath], [DomainID], [Category], [SubCategory], [DateCreated]) VALUES (11, N'PROD-1ASD', N'Product 1', N'This is a wonderful product that makes your life better!', CAST(19.99 AS Decimal(18, 2)), CAST(5.00 AS Decimal(18, 2)), 1, NULL, NULL, 5, 1, 1, N'/Content/Images/Products/prod1.jpg', 1, N'Bunnies', NULL, CAST(N'2017-04-23T19:16:00' AS SmallDateTime))
INSERT [dbo].[Product] ([ID], [SKU], [Name], [Description], [Price], [Cost], [Taxable], [ShippingCharge], [ShippingCost], [QuantityAvailable], [Active], [Featured], [ImagePath], [DomainID], [Category], [SubCategory], [DateCreated]) VALUES (12, N'PROD-2ASD', N'Product 2', N'This is a wonderful product that makes your life better!', CAST(24.99 AS Decimal(18, 2)), CAST(6.00 AS Decimal(18, 2)), 1, NULL, NULL, 6, 1, 0, N'/Content/Images/Products/prod2.jpg', 1, N'Bunnies', NULL, CAST(N'2017-04-23T19:16:00' AS SmallDateTime))
INSERT [dbo].[Product] ([ID], [SKU], [Name], [Description], [Price], [Cost], [Taxable], [ShippingCharge], [ShippingCost], [QuantityAvailable], [Active], [Featured], [ImagePath], [DomainID], [Category], [SubCategory], [DateCreated]) VALUES (13, N'PROD-3ASD', N'Product 3', N'This is a wonderful product that makes your life better!', CAST(34.99 AS Decimal(18, 2)), CAST(7.00 AS Decimal(18, 2)), 0, NULL, NULL, 3, 1, 0, N'/Content/Images/Products/prod3.jpg', 1, N'Bunnies', NULL, CAST(N'2017-04-23T19:16:00' AS SmallDateTime))
INSERT [dbo].[Product] ([ID], [SKU], [Name], [Description], [Price], [Cost], [Taxable], [ShippingCharge], [ShippingCost], [QuantityAvailable], [Active], [Featured], [ImagePath], [DomainID], [Category], [SubCategory], [DateCreated]) VALUES (14, N'PROD-3ASD', N'Product 4', N'This is a wonderful product that makes your life better!', CAST(54.99 AS Decimal(18, 2)), CAST(7.00 AS Decimal(18, 2)), 0, NULL, NULL, 3, 1, 0, N'/Content/Images/Products/prod4.jpg', 1, N'Bunnies', NULL, CAST(N'2017-04-23T19:16:00' AS SmallDateTime))
INSERT [dbo].[Product] ([ID], [SKU], [Name], [Description], [Price], [Cost], [Taxable], [ShippingCharge], [ShippingCost], [QuantityAvailable], [Active], [Featured], [ImagePath], [DomainID], [Category], [SubCategory], [DateCreated]) VALUES (15, N'PROD-3ASD', N'Product 5', N'This is a wonderful product that makes your life better!', CAST(74.99 AS Decimal(18, 2)), CAST(7.00 AS Decimal(18, 2)), 0, NULL, NULL, 3, 1, 0, N'/Content/Images/Products/prod5.jpg', 1, N'Cats', NULL, CAST(N'2017-04-23T19:16:00' AS SmallDateTime))
SET IDENTITY_INSERT [dbo].[Product] OFF
SET IDENTITY_INSERT [dbo].[ProductDomain] ON 

INSERT [dbo].[ProductDomain] ([ID], [Name], [Description]) VALUES (1, N'Pet Accents', N'Accessories for your best friends')
SET IDENTITY_INSERT [dbo].[ProductDomain] OFF
SET IDENTITY_INSERT [dbo].[ProductOption] ON 

INSERT [dbo].[ProductOption] ([ID], [ParentOptionID], [ProductID], [Name], [Value], [QuantityAvailable], [Price], [ShortValue], [ImagePath]) VALUES (1, NULL, 1, N'Color', N'Blue', 3, CAST(19.99 AS Decimal(18, 2)), NULL, NULL)
INSERT [dbo].[ProductOption] ([ID], [ParentOptionID], [ProductID], [Name], [Value], [QuantityAvailable], [Price], [ShortValue], [ImagePath]) VALUES (2, NULL, 1, N'Color', N'Red', 3, CAST(19.99 AS Decimal(18, 2)), NULL, NULL)
INSERT [dbo].[ProductOption] ([ID], [ParentOptionID], [ProductID], [Name], [Value], [QuantityAvailable], [Price], [ShortValue], [ImagePath]) VALUES (3, NULL, 1, N'Color', N'Green', 3, CAST(19.99 AS Decimal(18, 2)), NULL, NULL)
INSERT [dbo].[ProductOption] ([ID], [ParentOptionID], [ProductID], [Name], [Value], [QuantityAvailable], [Price], [ShortValue], [ImagePath]) VALUES (4, NULL, 1, N'Color', N'Yellow', 3, CAST(19.99 AS Decimal(18, 2)), NULL, NULL)
INSERT [dbo].[ProductOption] ([ID], [ParentOptionID], [ProductID], [Name], [Value], [QuantityAvailable], [Price], [ShortValue], [ImagePath]) VALUES (5, 1, 1, N'Size', N'Small', 3, CAST(19.99 AS Decimal(18, 2)), N'S', NULL)
INSERT [dbo].[ProductOption] ([ID], [ParentOptionID], [ProductID], [Name], [Value], [QuantityAvailable], [Price], [ShortValue], [ImagePath]) VALUES (6, 1, 1, N'Size', N'Medium', 3, CAST(19.99 AS Decimal(18, 2)), N'M', NULL)
INSERT [dbo].[ProductOption] ([ID], [ParentOptionID], [ProductID], [Name], [Value], [QuantityAvailable], [Price], [ShortValue], [ImagePath]) VALUES (7, 1, 1, N'Size', N'Large', 3, CAST(19.99 AS Decimal(18, 2)), N'L', NULL)
INSERT [dbo].[ProductOption] ([ID], [ParentOptionID], [ProductID], [Name], [Value], [QuantityAvailable], [Price], [ShortValue], [ImagePath]) VALUES (8, 1, 1, N'Size', N'XL', 3, CAST(19.99 AS Decimal(18, 2)), NULL, NULL)
INSERT [dbo].[ProductOption] ([ID], [ParentOptionID], [ProductID], [Name], [Value], [QuantityAvailable], [Price], [ShortValue], [ImagePath]) VALUES (9, NULL, 2, N'Color', N'Blue', 0, CAST(29.99 AS Decimal(18, 2)), NULL, NULL)
INSERT [dbo].[ProductOption] ([ID], [ParentOptionID], [ProductID], [Name], [Value], [QuantityAvailable], [Price], [ShortValue], [ImagePath]) VALUES (10, NULL, 2, N'Color', N'Red', 3, CAST(29.99 AS Decimal(18, 2)), NULL, NULL)
INSERT [dbo].[ProductOption] ([ID], [ParentOptionID], [ProductID], [Name], [Value], [QuantityAvailable], [Price], [ShortValue], [ImagePath]) VALUES (11, NULL, 2, N'Color', N'Green', 4, CAST(29.99 AS Decimal(18, 2)), NULL, NULL)
INSERT [dbo].[ProductOption] ([ID], [ParentOptionID], [ProductID], [Name], [Value], [QuantityAvailable], [Price], [ShortValue], [ImagePath]) VALUES (12, NULL, 2, N'Color', N'Yellow', 4, CAST(29.99 AS Decimal(18, 2)), NULL, NULL)
INSERT [dbo].[ProductOption] ([ID], [ParentOptionID], [ProductID], [Name], [Value], [QuantityAvailable], [Price], [ShortValue], [ImagePath]) VALUES (13, NULL, 3, N'Size', N'Small', 4, CAST(29.99 AS Decimal(18, 2)), N'S', NULL)
INSERT [dbo].[ProductOption] ([ID], [ParentOptionID], [ProductID], [Name], [Value], [QuantityAvailable], [Price], [ShortValue], [ImagePath]) VALUES (14, NULL, 3, N'Size', N'Medium', 4, CAST(29.99 AS Decimal(18, 2)), N'M', NULL)
INSERT [dbo].[ProductOption] ([ID], [ParentOptionID], [ProductID], [Name], [Value], [QuantityAvailable], [Price], [ShortValue], [ImagePath]) VALUES (15, NULL, 3, N'Size', N'L', 4, CAST(29.99 AS Decimal(18, 2)), N'L', NULL)
INSERT [dbo].[ProductOption] ([ID], [ParentOptionID], [ProductID], [Name], [Value], [QuantityAvailable], [Price], [ShortValue], [ImagePath]) VALUES (16, NULL, 3, N'Size', N'XL', 4, CAST(29.99 AS Decimal(18, 2)), NULL, NULL)
SET IDENTITY_INSERT [dbo].[ProductOption] OFF
SET IDENTITY_INSERT [dbo].[StoreCredit] ON 

INSERT [dbo].[StoreCredit] ([ID], [TypeID], [UserID], [Amount], [Description], [Notes], [Expires], [DateCreated]) VALUES (5, 2, 6, CAST(10.00 AS Decimal(18, 2)), N'Email Request Granted', NULL, NULL, CAST(N'2017-04-25T14:19:00' AS SmallDateTime))
SET IDENTITY_INSERT [dbo].[StoreCredit] OFF
SET IDENTITY_INSERT [dbo].[StoreCreditType] ON 

INSERT [dbo].[StoreCreditType] ([ID], [Type]) VALUES (1, N'Credit')
INSERT [dbo].[StoreCreditType] ([ID], [Type]) VALUES (2, N'Reward')
SET IDENTITY_INSERT [dbo].[StoreCreditType] OFF
SET IDENTITY_INSERT [dbo].[sys_Country] ON 

INSERT [dbo].[sys_Country] ([ID], [Country], [CountryName]) VALUES (1, N'US', N'United States of America')
SET IDENTITY_INSERT [dbo].[sys_Country] OFF
SET IDENTITY_INSERT [dbo].[sys_State] ON 

INSERT [dbo].[sys_State] ([ID], [State], [StateName], [Country]) VALUES (1, N'AL', N'Alabama', 1)
INSERT [dbo].[sys_State] ([ID], [State], [StateName], [Country]) VALUES (2, N'AK', N'Alaska', 1)
INSERT [dbo].[sys_State] ([ID], [State], [StateName], [Country]) VALUES (3, N'AZ', N'Arizona', 1)
INSERT [dbo].[sys_State] ([ID], [State], [StateName], [Country]) VALUES (4, N'AR', N'Arkansas', 1)
INSERT [dbo].[sys_State] ([ID], [State], [StateName], [Country]) VALUES (5, N'CA', N'California', 1)
INSERT [dbo].[sys_State] ([ID], [State], [StateName], [Country]) VALUES (6, N'CO', N'Colorado', 1)
INSERT [dbo].[sys_State] ([ID], [State], [StateName], [Country]) VALUES (7, N'CT', N'Connecticut', 1)
INSERT [dbo].[sys_State] ([ID], [State], [StateName], [Country]) VALUES (8, N'DE', N'Delaware', 1)
INSERT [dbo].[sys_State] ([ID], [State], [StateName], [Country]) VALUES (9, N'FL', N'Florida', 1)
INSERT [dbo].[sys_State] ([ID], [State], [StateName], [Country]) VALUES (10, N'GA', N'Georgia', 1)
INSERT [dbo].[sys_State] ([ID], [State], [StateName], [Country]) VALUES (11, N'HI', N'Hawaii', 1)
INSERT [dbo].[sys_State] ([ID], [State], [StateName], [Country]) VALUES (12, N'ID', N'Idaho', 1)
INSERT [dbo].[sys_State] ([ID], [State], [StateName], [Country]) VALUES (13, N'IL', N'Illinois', 1)
INSERT [dbo].[sys_State] ([ID], [State], [StateName], [Country]) VALUES (14, N'IN', N'Indiana', 1)
INSERT [dbo].[sys_State] ([ID], [State], [StateName], [Country]) VALUES (15, N'IA', N'Iowa', 1)
INSERT [dbo].[sys_State] ([ID], [State], [StateName], [Country]) VALUES (16, N'KS', N'Kansas', 1)
INSERT [dbo].[sys_State] ([ID], [State], [StateName], [Country]) VALUES (17, N'KY', N'Kentucky', 1)
INSERT [dbo].[sys_State] ([ID], [State], [StateName], [Country]) VALUES (18, N'LA', N'Louisiana', 1)
INSERT [dbo].[sys_State] ([ID], [State], [StateName], [Country]) VALUES (19, N'ME', N'Maine', 1)
INSERT [dbo].[sys_State] ([ID], [State], [StateName], [Country]) VALUES (20, N'MD', N'Maryland', 1)
INSERT [dbo].[sys_State] ([ID], [State], [StateName], [Country]) VALUES (21, N'MA', N'Massachusetts', 1)
INSERT [dbo].[sys_State] ([ID], [State], [StateName], [Country]) VALUES (22, N'MI', N'Michigan', 1)
INSERT [dbo].[sys_State] ([ID], [State], [StateName], [Country]) VALUES (23, N'MN', N'Minnesota', 1)
INSERT [dbo].[sys_State] ([ID], [State], [StateName], [Country]) VALUES (24, N'MS', N'Mississippi', 1)
INSERT [dbo].[sys_State] ([ID], [State], [StateName], [Country]) VALUES (25, N'MO', N'Missouri', 1)
INSERT [dbo].[sys_State] ([ID], [State], [StateName], [Country]) VALUES (26, N'MT', N'Montana', 1)
INSERT [dbo].[sys_State] ([ID], [State], [StateName], [Country]) VALUES (27, N'NE', N'Nebraska', 1)
INSERT [dbo].[sys_State] ([ID], [State], [StateName], [Country]) VALUES (28, N'NV', N'Nevada', 1)
INSERT [dbo].[sys_State] ([ID], [State], [StateName], [Country]) VALUES (29, N'NH', N'New Hampshire', 1)
INSERT [dbo].[sys_State] ([ID], [State], [StateName], [Country]) VALUES (30, N'NJ', N'New Jersey', 1)
INSERT [dbo].[sys_State] ([ID], [State], [StateName], [Country]) VALUES (31, N'NM', N'New Mexico', 1)
INSERT [dbo].[sys_State] ([ID], [State], [StateName], [Country]) VALUES (32, N'NY', N'New York', 1)
INSERT [dbo].[sys_State] ([ID], [State], [StateName], [Country]) VALUES (33, N'NC', N'North Carolina', 1)
INSERT [dbo].[sys_State] ([ID], [State], [StateName], [Country]) VALUES (34, N'ND', N'North Dakota', 1)
INSERT [dbo].[sys_State] ([ID], [State], [StateName], [Country]) VALUES (35, N'OH', N'Ohio', 1)
INSERT [dbo].[sys_State] ([ID], [State], [StateName], [Country]) VALUES (36, N'OK', N'Oklahoma', 1)
INSERT [dbo].[sys_State] ([ID], [State], [StateName], [Country]) VALUES (37, N'OR', N'Oregon', 1)
INSERT [dbo].[sys_State] ([ID], [State], [StateName], [Country]) VALUES (38, N'PA', N'Pennsylvania', 1)
INSERT [dbo].[sys_State] ([ID], [State], [StateName], [Country]) VALUES (39, N'RI', N'Rhode Island', 1)
INSERT [dbo].[sys_State] ([ID], [State], [StateName], [Country]) VALUES (40, N'SC', N'South Carolina', 1)
INSERT [dbo].[sys_State] ([ID], [State], [StateName], [Country]) VALUES (41, N'SD', N'South Dakota', 1)
INSERT [dbo].[sys_State] ([ID], [State], [StateName], [Country]) VALUES (42, N'TN', N'Tennessee', 1)
INSERT [dbo].[sys_State] ([ID], [State], [StateName], [Country]) VALUES (43, N'TX', N'Texas', 1)
INSERT [dbo].[sys_State] ([ID], [State], [StateName], [Country]) VALUES (44, N'UT', N'Utah', 1)
INSERT [dbo].[sys_State] ([ID], [State], [StateName], [Country]) VALUES (45, N'VT', N'Vermont', 1)
INSERT [dbo].[sys_State] ([ID], [State], [StateName], [Country]) VALUES (46, N'VA', N'Virginia', 1)
INSERT [dbo].[sys_State] ([ID], [State], [StateName], [Country]) VALUES (47, N'WA', N'Washington', 1)
INSERT [dbo].[sys_State] ([ID], [State], [StateName], [Country]) VALUES (48, N'WV', N'West Virginia', 1)
INSERT [dbo].[sys_State] ([ID], [State], [StateName], [Country]) VALUES (49, N'WI', N'Wisconsin', 1)
INSERT [dbo].[sys_State] ([ID], [State], [StateName], [Country]) VALUES (50, N'WY', N'Wyoming', 1)
SET IDENTITY_INSERT [dbo].[sys_State] OFF
SET IDENTITY_INSERT [dbo].[User] ON 

INSERT [dbo].[User] ([ID], [FirstName], [LastName], [EmailAddress], [Password], [Salt], [Phone], [Active], [EmailSubscribed], [PreferredCharityID], [PaymentProcessorID], [DateCreated]) VALUES (6, N'Joel', N'Dunn', N'joelcdunn@gmail.com', N'zyMuqjhwZGUXPG8bdruZ/Q==', N'e77b8bb4-84a9-41fe-bbd5-516c2d55393f', NULL, 1, 1, NULL, NULL, CAST(N'2017-04-25T14:19:00' AS SmallDateTime))
SET IDENTITY_INSERT [dbo].[User] OFF
SET ANSI_PADDING ON

GO
/****** Object:  Index [UQ__EmailReq__49A147403A3AF9DF]    Script Date: 4/25/2017 2:32:17 PM ******/
ALTER TABLE [dbo].[EmailRequestConversion] ADD UNIQUE NONCLUSTERED 
(
	[EmailAddress] ASC
)WITH (PAD_INDEX = OFF, STATISTICS_NORECOMPUTE = OFF, SORT_IN_TEMPDB = OFF, IGNORE_DUP_KEY = OFF, ONLINE = OFF, ALLOW_ROW_LOCKS = ON, ALLOW_PAGE_LOCKS = ON) ON [PRIMARY]
GO
SET ANSI_PADDING ON

GO
/****** Object:  Index [UQ__EmailReq__F0C25BE036BBEA82]    Script Date: 4/25/2017 2:32:17 PM ******/
ALTER TABLE [dbo].[EmailRequestConversion] ADD UNIQUE NONCLUSTERED 
(
	[IPAddress] ASC
)WITH (PAD_INDEX = OFF, STATISTICS_NORECOMPUTE = OFF, SORT_IN_TEMPDB = OFF, IGNORE_DUP_KEY = OFF, ONLINE = OFF, ALLOW_ROW_LOCKS = ON, ALLOW_PAGE_LOCKS = ON) ON [PRIMARY]
GO
SET ANSI_PADDING ON

GO
/****** Object:  Index [IX_EmailRequestConversion_EmailAddress]    Script Date: 4/25/2017 2:32:17 PM ******/
CREATE UNIQUE NONCLUSTERED INDEX [IX_EmailRequestConversion_EmailAddress] ON [dbo].[EmailRequestConversion]
(
	[EmailAddress] ASC
)WITH (PAD_INDEX = OFF, STATISTICS_NORECOMPUTE = OFF, SORT_IN_TEMPDB = OFF, IGNORE_DUP_KEY = OFF, DROP_EXISTING = OFF, ONLINE = OFF, ALLOW_ROW_LOCKS = ON, ALLOW_PAGE_LOCKS = ON) ON [PRIMARY]
GO
SET ANSI_PADDING ON

GO
/****** Object:  Index [IX_EmailRequestConversion_IPAddress]    Script Date: 4/25/2017 2:32:17 PM ******/
CREATE UNIQUE NONCLUSTERED INDEX [IX_EmailRequestConversion_IPAddress] ON [dbo].[EmailRequestConversion]
(
	[IPAddress] ASC
)WITH (PAD_INDEX = OFF, STATISTICS_NORECOMPUTE = OFF, SORT_IN_TEMPDB = OFF, IGNORE_DUP_KEY = OFF, DROP_EXISTING = OFF, ONLINE = OFF, ALLOW_ROW_LOCKS = ON, ALLOW_PAGE_LOCKS = ON) ON [PRIMARY]
GO
SET ANSI_PADDING ON

GO
/****** Object:  Index [IX_EmailRequestConversion_IPEmail]    Script Date: 4/25/2017 2:32:17 PM ******/
CREATE UNIQUE NONCLUSTERED INDEX [IX_EmailRequestConversion_IPEmail] ON [dbo].[EmailRequestConversion]
(
	[IPAddress] ASC,
	[EmailAddress] ASC
)WITH (PAD_INDEX = OFF, STATISTICS_NORECOMPUTE = OFF, SORT_IN_TEMPDB = OFF, IGNORE_DUP_KEY = OFF, DROP_EXISTING = OFF, ONLINE = OFF, ALLOW_ROW_LOCKS = ON, ALLOW_PAGE_LOCKS = ON) ON [PRIMARY]
GO
SET ANSI_PADDING ON

GO
/****** Object:  Index [IX_Order_OrderID]    Script Date: 4/25/2017 2:32:17 PM ******/
CREATE NONCLUSTERED INDEX [IX_Order_OrderID] ON [dbo].[Order]
(
	[OrderID] ASC
)WITH (PAD_INDEX = OFF, STATISTICS_NORECOMPUTE = OFF, SORT_IN_TEMPDB = OFF, DROP_EXISTING = OFF, ONLINE = OFF, ALLOW_ROW_LOCKS = ON, ALLOW_PAGE_LOCKS = ON) ON [PRIMARY]
GO
SET ANSI_PADDING ON

GO
/****** Object:  Index [UQ__sys_Coun__067B30092DA87C2F]    Script Date: 4/25/2017 2:32:17 PM ******/
ALTER TABLE [dbo].[sys_Country] ADD UNIQUE NONCLUSTERED 
(
	[Country] ASC
)WITH (PAD_INDEX = OFF, STATISTICS_NORECOMPUTE = OFF, SORT_IN_TEMPDB = OFF, IGNORE_DUP_KEY = OFF, ONLINE = OFF, ALLOW_ROW_LOCKS = ON, ALLOW_PAGE_LOCKS = ON) ON [PRIMARY]
GO
SET ANSI_PADDING ON

GO
/****** Object:  Index [UQ__sys_Coun__067B3009AE72FB1A]    Script Date: 4/25/2017 2:32:17 PM ******/
ALTER TABLE [dbo].[sys_Country] ADD UNIQUE NONCLUSTERED 
(
	[Country] ASC
)WITH (PAD_INDEX = OFF, STATISTICS_NORECOMPUTE = OFF, SORT_IN_TEMPDB = OFF, IGNORE_DUP_KEY = OFF, ONLINE = OFF, ALLOW_ROW_LOCKS = ON, ALLOW_PAGE_LOCKS = ON) ON [PRIMARY]
GO
SET ANSI_PADDING ON

GO
/****** Object:  Index [UQ__sys_Coun__E056F201653A7846]    Script Date: 4/25/2017 2:32:17 PM ******/
ALTER TABLE [dbo].[sys_Country] ADD UNIQUE NONCLUSTERED 
(
	[CountryName] ASC
)WITH (PAD_INDEX = OFF, STATISTICS_NORECOMPUTE = OFF, SORT_IN_TEMPDB = OFF, IGNORE_DUP_KEY = OFF, ONLINE = OFF, ALLOW_ROW_LOCKS = ON, ALLOW_PAGE_LOCKS = ON) ON [PRIMARY]
GO
SET ANSI_PADDING ON

GO
/****** Object:  Index [UQ__sys_Coun__E056F2018D56B29B]    Script Date: 4/25/2017 2:32:17 PM ******/
ALTER TABLE [dbo].[sys_Country] ADD UNIQUE NONCLUSTERED 
(
	[CountryName] ASC
)WITH (PAD_INDEX = OFF, STATISTICS_NORECOMPUTE = OFF, SORT_IN_TEMPDB = OFF, IGNORE_DUP_KEY = OFF, ONLINE = OFF, ALLOW_ROW_LOCKS = ON, ALLOW_PAGE_LOCKS = ON) ON [PRIMARY]
GO
SET ANSI_PADDING ON

GO
/****** Object:  Index [UQ__sys_Stat__55476315BEB0C826]    Script Date: 4/25/2017 2:32:17 PM ******/
ALTER TABLE [dbo].[sys_State] ADD UNIQUE NONCLUSTERED 
(
	[StateName] ASC
)WITH (PAD_INDEX = OFF, STATISTICS_NORECOMPUTE = OFF, SORT_IN_TEMPDB = OFF, IGNORE_DUP_KEY = OFF, ONLINE = OFF, ALLOW_ROW_LOCKS = ON, ALLOW_PAGE_LOCKS = ON) ON [PRIMARY]
GO
SET ANSI_PADDING ON

GO
/****** Object:  Index [UQ__sys_Stat__55476315D59501EC]    Script Date: 4/25/2017 2:32:17 PM ******/
ALTER TABLE [dbo].[sys_State] ADD UNIQUE NONCLUSTERED 
(
	[StateName] ASC
)WITH (PAD_INDEX = OFF, STATISTICS_NORECOMPUTE = OFF, SORT_IN_TEMPDB = OFF, IGNORE_DUP_KEY = OFF, ONLINE = OFF, ALLOW_ROW_LOCKS = ON, ALLOW_PAGE_LOCKS = ON) ON [PRIMARY]
GO
SET ANSI_PADDING ON

GO
/****** Object:  Index [UQ__sys_Stat__BA803DADAD2F1C62]    Script Date: 4/25/2017 2:32:17 PM ******/
ALTER TABLE [dbo].[sys_State] ADD UNIQUE NONCLUSTERED 
(
	[State] ASC
)WITH (PAD_INDEX = OFF, STATISTICS_NORECOMPUTE = OFF, SORT_IN_TEMPDB = OFF, IGNORE_DUP_KEY = OFF, ONLINE = OFF, ALLOW_ROW_LOCKS = ON, ALLOW_PAGE_LOCKS = ON) ON [PRIMARY]
GO
SET ANSI_PADDING ON

GO
/****** Object:  Index [UQ__sys_Stat__BA803DADB6B9E4EE]    Script Date: 4/25/2017 2:32:17 PM ******/
ALTER TABLE [dbo].[sys_State] ADD UNIQUE NONCLUSTERED 
(
	[State] ASC
)WITH (PAD_INDEX = OFF, STATISTICS_NORECOMPUTE = OFF, SORT_IN_TEMPDB = OFF, IGNORE_DUP_KEY = OFF, ONLINE = OFF, ALLOW_ROW_LOCKS = ON, ALLOW_PAGE_LOCKS = ON) ON [PRIMARY]
GO
SET ANSI_PADDING ON

GO
/****** Object:  Index [UQ__User__49A147407877C5A4]    Script Date: 4/25/2017 2:32:17 PM ******/
ALTER TABLE [dbo].[User] ADD UNIQUE NONCLUSTERED 
(
	[EmailAddress] ASC
)WITH (PAD_INDEX = OFF, STATISTICS_NORECOMPUTE = OFF, SORT_IN_TEMPDB = OFF, IGNORE_DUP_KEY = OFF, ONLINE = OFF, ALLOW_ROW_LOCKS = ON, ALLOW_PAGE_LOCKS = ON) ON [PRIMARY]
GO
SET ANSI_PADDING ON

GO
/****** Object:  Index [UQ__User__49A14740F0B587D3]    Script Date: 4/25/2017 2:32:17 PM ******/
ALTER TABLE [dbo].[User] ADD UNIQUE NONCLUSTERED 
(
	[EmailAddress] ASC
)WITH (PAD_INDEX = OFF, STATISTICS_NORECOMPUTE = OFF, SORT_IN_TEMPDB = OFF, IGNORE_DUP_KEY = OFF, ONLINE = OFF, ALLOW_ROW_LOCKS = ON, ALLOW_PAGE_LOCKS = ON) ON [PRIMARY]
GO
ALTER TABLE [dbo].[Address]  WITH CHECK ADD  CONSTRAINT [FK_Address_AddressType] FOREIGN KEY([Type])
REFERENCES [dbo].[AddressType] ([ID])
GO
ALTER TABLE [dbo].[Address] CHECK CONSTRAINT [FK_Address_AddressType]
GO
ALTER TABLE [dbo].[Address]  WITH CHECK ADD  CONSTRAINT [FK_Address_UserID] FOREIGN KEY([UserID])
REFERENCES [dbo].[User] ([ID])
GO
ALTER TABLE [dbo].[Address] CHECK CONSTRAINT [FK_Address_UserID]
GO
ALTER TABLE [dbo].[Order]  WITH CHECK ADD  CONSTRAINT [FK_Order_CharityID] FOREIGN KEY([CharityID])
REFERENCES [dbo].[Charity] ([ID])
GO
ALTER TABLE [dbo].[Order] CHECK CONSTRAINT [FK_Order_CharityID]
GO
ALTER TABLE [dbo].[Order]  WITH CHECK ADD  CONSTRAINT [FK_Order_OrderStatus] FOREIGN KEY([OrderStatusID])
REFERENCES [dbo].[OrderStatus] ([ID])
GO
ALTER TABLE [dbo].[Order] CHECK CONSTRAINT [FK_Order_OrderStatus]
GO
ALTER TABLE [dbo].[Order]  WITH CHECK ADD  CONSTRAINT [FK_Order_PaymentMethod] FOREIGN KEY([PaymentMethodID])
REFERENCES [dbo].[PaymentMethod] ([ID])
GO
ALTER TABLE [dbo].[Order] CHECK CONSTRAINT [FK_Order_PaymentMethod]
GO
ALTER TABLE [dbo].[Order]  WITH CHECK ADD  CONSTRAINT [FK_Order_UserID] FOREIGN KEY([UserID])
REFERENCES [dbo].[User] ([ID])
GO
ALTER TABLE [dbo].[Order] CHECK CONSTRAINT [FK_Order_UserID]
GO
ALTER TABLE [dbo].[OrderLineItem]  WITH CHECK ADD  CONSTRAINT [FK_OrderLineItem_OrderID] FOREIGN KEY([OrderID])
REFERENCES [dbo].[Order] ([ID])
GO
ALTER TABLE [dbo].[OrderLineItem] CHECK CONSTRAINT [FK_OrderLineItem_OrderID]
GO
ALTER TABLE [dbo].[OrderLineItem]  WITH CHECK ADD  CONSTRAINT [FK_OrderLineItem_ProductID] FOREIGN KEY([ProductID])
REFERENCES [dbo].[Product] ([ID])
GO
ALTER TABLE [dbo].[OrderLineItem] CHECK CONSTRAINT [FK_OrderLineItem_ProductID]
GO
ALTER TABLE [dbo].[OrderLineItemOption]  WITH CHECK ADD  CONSTRAINT [FK_OrderLineItemOption_OrderLineItemID] FOREIGN KEY([OrderLineItemID])
REFERENCES [dbo].[OrderLineItem] ([ID])
GO
ALTER TABLE [dbo].[OrderLineItemOption] CHECK CONSTRAINT [FK_OrderLineItemOption_OrderLineItemID]
GO
ALTER TABLE [dbo].[OrderLineItemOption]  WITH CHECK ADD  CONSTRAINT [FK_OrderLineItemOption_ProductOptionID] FOREIGN KEY([ProductOptionID])
REFERENCES [dbo].[ProductOption] ([ID])
GO
ALTER TABLE [dbo].[OrderLineItemOption] CHECK CONSTRAINT [FK_OrderLineItemOption_ProductOptionID]
GO
ALTER TABLE [dbo].[Product]  WITH CHECK ADD  CONSTRAINT [FK_Product_ProductDomain] FOREIGN KEY([DomainID])
REFERENCES [dbo].[ProductDomain] ([ID])
GO
ALTER TABLE [dbo].[Product] CHECK CONSTRAINT [FK_Product_ProductDomain]
GO
ALTER TABLE [dbo].[ProductOption]  WITH CHECK ADD  CONSTRAINT [FK_ProductOption_ProductID] FOREIGN KEY([ProductID])
REFERENCES [dbo].[Product] ([ID])
GO
ALTER TABLE [dbo].[ProductOption] CHECK CONSTRAINT [FK_ProductOption_ProductID]
GO
ALTER TABLE [dbo].[StoreCredit]  WITH CHECK ADD  CONSTRAINT [FK_StoreCredit_Type] FOREIGN KEY([TypeID])
REFERENCES [dbo].[StoreCreditType] ([ID])
GO
ALTER TABLE [dbo].[StoreCredit] CHECK CONSTRAINT [FK_StoreCredit_Type]
GO
ALTER TABLE [dbo].[StoreCredit]  WITH CHECK ADD  CONSTRAINT [FK_StoreCredit_UserID] FOREIGN KEY([UserID])
REFERENCES [dbo].[User] ([ID])
GO
ALTER TABLE [dbo].[StoreCredit] CHECK CONSTRAINT [FK_StoreCredit_UserID]
GO
ALTER TABLE [dbo].[sys_State]  WITH CHECK ADD  CONSTRAINT [FK_sys_State_Country] FOREIGN KEY([Country])
REFERENCES [dbo].[sys_Country] ([ID])
GO
ALTER TABLE [dbo].[sys_State] CHECK CONSTRAINT [FK_sys_State_Country]
GO
ALTER TABLE [dbo].[User]  WITH CHECK ADD  CONSTRAINT [FK_User_PreferredCharity] FOREIGN KEY([PreferredCharityID])
REFERENCES [dbo].[Charity] ([ID])
GO
ALTER TABLE [dbo].[User] CHECK CONSTRAINT [FK_User_PreferredCharity]
GO
USE [master]
GO
ALTER DATABASE [PetAccentDB] SET  READ_WRITE 
GO
